,,,,
URL,Targeted Keyword,Template,Industry Focus,Content
,,,,
https://customphenoliclabels.com/,Custom Phenolic Labels,Manual,,https://docs.google.com/document/d/1UML_N8B-XaDhPRklyq8h-09UoNKH3Sf2rJ6hX2Fv8cY/edit?usp=sharing
,,,,
https://customphenoliclabels.com/request-quote/,Phenolic Labels Quote,-,,https://docs.google.com/document/d/1UE8xBxpwju06kYNV9WWFSM4nXqIJ1Qn4l9f_9rM8uwg/edit?usp=sharing
https://customphenoliclabels.com/bulk-ordering/,Bulk Phenolic Labels,-,,https://docs.google.com/document/d/1vH1mc3VMIuYKOwpI5yLAMPqvZSqLTCmpOpVvWnXcC7Q/edit?usp=sharing
https://customphenoliclabels.com/contact/,Contact,-,,https://docs.google.com/document/d/1x2uLMUnEBBFGO1_ZX0L_Y748M3EKmycGt6_4TQF8h-k/edit?usp=sharing
https://customphenoliclabels.com/about-us/,About Custom Phenolic Labels,-,,https://docs.google.com/document/d/1DP6awOvLyHwQKPIIWPm4qX-olXAOpGcCOAtO6qX2Rio/edit?usp=sharing
https://customphenoliclabels.com/privacy-policy/,Privacy Policy,-,,https://docs.google.com/document/d/1rbuLv1OToWuswpe_LxYswcjt8-NT0NMUglIzD-0QK7w/edit?usp=sharing
https://customphenoliclabels.com/terms-of-service/,Terms of Service,-,,https://docs.google.com/document/d/1joscAGOTWuu4vkXIVUQ21qOM7NnE1VAZPUoFSrLGkW4/edit?usp=sharing
https://customphenoliclabels.com/shipping-returns/,Shipping and Returns Policy,-,,https://docs.google.com/document/d/1SFPErmaKJoVQ5EV_gKdOk-evbdCXoqISy4K2_Cx5mSI/edit?usp=sharing
,,,,
https://customphenoliclabels.com/services/,,Services LP,,https://docs.google.com/document/d/1r2YuOmqs-VkXrY6TBD497rpLzl7NU6PzL5pdqXVhdcA/edit?usp=sharing
,,,,
https://customphenoliclabels.com/services/phenolic-labels/,Phenolic Labels,Services,,https://docs.google.com/document/d/1SsVoDY9k1TxLXGOAu1pysWRoWff7Qs4wLzCyZXTIR9k/edit?usp=sharing
https://customphenoliclabels.com/services/phenolic-tags/,Phenolic Tags,Services,,https://docs.google.com/document/d/1mVLrrSTVGPOSVf1ZEWxolwUxlfY1JCD3nJaQ8aWonJ4/edit?usp=sharing
https://customphenoliclabels.com/services/phenolic-nameplates/,Phenolic Nameplates,Services,,https://docs.google.com/document/d/179OOll3Pke6mpOZd-ycZNEkAPYF4fldr4-ppeZey4Go/edit?usp=sharing
https://customphenoliclabels.com/services/phenolic-panels/,Phenolic Panels,Services,,https://docs.google.com/document/d/1If_87A95bl6IMQK7ftHft8q0te7k89lCFpOskOaIYH0/edit?usp=sharing
https://customphenoliclabels.com/services/lamacoid-tags/,Lamacoid Tags,Services,,https://docs.google.com/document/d/1erLDZEAEp4x9rKGciFAs6tmvB5_iBAvb8cD_NzadXlQ/edit?usp=sharing
https://customphenoliclabels.com/services/legend-plates/,Legend Plates,Services,,https://docs.google.com/document/d/1TxWt0MtNlP-bQR-Hf6YY7-Wl5-dWaGz5Q5wTAAj9H8Y/edit?usp=sharing
https://customphenoliclabels.com/services/solar-pv-labels/,Solar PV Labels,Services,,https://docs.google.com/document/d/1iQWEkZfUci36kb9tmS5OwWaU34i98AiQh2QJUY_5aUc/edit?usp=sharing
https://www.customphenoliclabels.com/services/bakelite-labels/,bakelite labels,Services,,https://docs.google.com/document/d/1vxrvY5illGffjK1QobGv61XubzZPNVY1brMwO8w9TNk/edit?usp=sharing
,,,,
https://customphenoliclabels.com/industries/electrical-contractors/,Electrical Contractor Labels,Industries,,https://docs.google.com/document/d/1-r1vWpRg_jbgRIeZrAP1b6Qvt_z3I5mGgrDsqn17Jfc/edit?usp=sharing
https://customphenoliclabels.com/industries/hvac-mechanical/,HVAC Labels,Industries,,https://docs.google.com/document/d/18K_UgQizDRVUTrDhFX1BlQDcKFJ2EeBqCOS6jdFc_3w/edit?usp=sharing
https://customphenoliclabels.com/industries/solar-renewables/,Renewable Energy Labels,Industries,,https://docs.google.com/document/d/1PYPVfou8DIjzDzjZwp8zHd2nNMw38weOVANqtgWZ0aY/edit?usp=sharing
https://customphenoliclabels.com/industries/data-centers/,Data Center Labels,Industries,,https://docs.google.com/document/d/1DGygZrblndo2QdyN8X-pnU5pYMCwXRl1pxhrmLyOADs/edit?usp=sharing
https://customphenoliclabels.com/industries/industrial-automation/,Industrial Automation Labels,Industries,,https://docs.google.com/document/d/1kHg73SEme2rhbBSkLHx7rdKfA6EuFTmBjLuG-xY92DY/edit?usp=sharing
,,,,
https://customphenoliclabels.com/resources/color-chart/,Phenolic Color Chart,Manual,,https://docs.google.com/document/d/1q_5pKs3TYqjBPYlYp8i46qBUTLVBm-Ia9ru-nFG5AU8/edit?usp=sharing
https://customphenoliclabels.com/resources/material-specs/,Phenolic Material Specs,Manual,,https://docs.google.com/document/d/1cE2EZKgom56-MYcRp-3bX5lQvHoPiXnizYHD6rj4SUI/edit?usp=sharing
https://customphenoliclabels.com/resources/nec-compliance-guide/,NEC Compliance Guide,Manual,,https://docs.google.com/document/d/1CnBrDMGgTr6bxfrJ8cEznwpMzrQgCL9uTiSJyZgV1Q4/edit?usp=sharing
https://customphenoliclabels.com/engraving-process/,Engraving Process,Manual,,https://docs.google.com/document/d/1QYpmGy7fR8KkOizaSZNApivFD4YLmAneL-ZMVwJxzuk/edit?usp=sharing
https://customphenoliclabels.com/how-it-works/,How to Order Phenolic Labels,Manual,,https://docs.google.com/document/d/1CwZGGh5LpoAXuiF-IJlkA9MoemQP8DIw_0Hu5ZtipbY/edit?usp=sharing
,,,,
https://customphenoliclabels.com/faq/,Phenolic Labels FAQ,,,https://docs.google.com/document/d/1AoEM0mkn03af_-Pitj7tfW3qx-FdJopS1GtH9mkAYoA/edit?usp=sharing
https://customphenoliclabels.com/blog/,Phenolic Labels Blog,,,
,,,,
https://customphenoliclabels.com/locations,,Locations LP,,
,,,,
www.customphenoliclabels.com/locations/ashburn-va/,Data Center Labels Ashburn,Location,Data Centers & Server Farms,
www.customphenoliclabels.com/locations/houston-tx/,Industrial Phenolic Tags Houston,Location,Oil & Gas / Energy Sector,
www.customphenoliclabels.com/locations/midland-tx/,Oilfield Equipment Tags Midland,Location,Petroleum Extraction,
www.customphenoliclabels.com/locations/phoenix-az/,Phenolic Labels Phoenix,Location,Solar Power & Semiconductors,
www.customphenoliclabels.com/locations/san-jose-ca/,Tech Equipment Labels San Jose,Location,Technology Hardware & Mfg,
www.customphenoliclabels.com/locations/chicago-il/,Electrical Panel Labels Chicago,Location,Heavy Industry & Electrical,
www.customphenoliclabels.com/locations/atlanta-ga/,Logistics & Warehouse Labels Atlanta,Location,Logistics & Data Centers,
www.customphenoliclabels.com/locations/las-vegas-nv/,Hospitality & Convention Infrastructure,Location,"ospitality, Convention Centers & Commercial Construction",
,,,,
ALL LOCATION + SERVICE ARE IN A SHEET,,,,
,,,,
www.customphenoliclabels.com/locations/ashburn-va/phenolic-labels/,Server Rack Labels Ashburn,,IT Infrastructure,https://docs.google.com/document/d/1Ya631YusEcLVaCXnoSeZceofvcovMHl_IVHne5_OrFg/edit?usp=sharing
www.customphenoliclabels.com/locations/ashburn-va/phenolic-tags/,Phenolic Tags Ashburn,,Telecommunications,https://docs.google.com/document/d/1aZJGlCDNGLxIhaca-HIDUf1rM6OAiDwDl1NgcEfEqJI/edit?usp=sharing
www.customphenoliclabels.com/locations/ashburn-va/phenolic-nameplates/,Electrical Room Nameplates Ashburn,,Data Center Facility Mgmt,
www.customphenoliclabels.com/locations/ashburn-va/lamacoid-tags/,Lamacoid Server Tags Ashburn,,Network Engineering,
,,,,
,,,,
www.customphenoliclabels.com/locations/houston-tx/phenolic-labels/,Industrial Phenolic Labels Houston,,Refinery & Chemical Processing,https://docs.google.com/document/d/1Cc0-wLCJ3TO0PafgwJtABKyEFHRDo6ysS1MRsFLOz1g/edit?usp=sharing
www.customphenoliclabels.com/locations/houston-tx/phenolic-tags/,Stainless & Plastic Valve Tags Houston,,Pipeline & Fluid Handling,
www.customphenoliclabels.com/locations/houston-tx/phenolic-nameplates/,Equipment Nameplates Houston,,Heavy Machinery Identification,
www.customphenoliclabels.com/locations/houston-tx/phenolic-panels/,Control Panel Overlays Houston,,Industrial Automation Panels,
www.customphenoliclabels.com/locations/houston-tx/lamacoid-tags/,Lamacoid Tags Houston,,Electrical & Instrumentation,
,,,,
,,,,
www.customphenoliclabels.com/locations/midland-tx/phenolic-tags/,Valve & Pipe Tags Midland,,Upstream Oil & Gas,
www.customphenoliclabels.com/locations/midland-tx/phenolic-nameplates/,Pump Jack Nameplates Midland,,Field Equipment Mfg,
www.customphenoliclabels.com/locations/midland-tx/phenolic-labels/,Outdoor Rated Phenolic Labels Midland,,Harsh Environment Labeling,
,,,,
,,,,
www.customphenoliclabels.com/locations/phoenix-az/solar-pv-labels/,Solar PV Warning Labels Phoenix,,Solar Farms & Renewables,
www.customphenoliclabels.com/locations/phoenix-az/phenolic-labels/,UV Resistant Labels Phoenix,,Outdoor Infrastructure,https://docs.google.com/document/d/1jpT0xzyfdfZL6dUGt4RtT1rggPUdNR7LeTV4DlpsZok/edit?usp=sharing
www.customphenoliclabels.com/locations/phoenix-az/phenolic-panels/,Deadfront Panels Phoenix,,Electronics Manufacturing,
www.customphenoliclabels.com/locations/phoenix-az/lamacoid-tags/,Lamacoid Engraved Tags Phoenix,,Utility & Grid Infrastructure,
,,,,
,,,,
www.customphenoliclabels.com/locations/san-jose-ca/phenolic-nameplates/,Prototype Nameplates San Jose,,R&D & Product Design,
www.customphenoliclabels.com/locations/san-jose-ca/phenolic-panels/,Control Panel Fronts San Jose,,Medical Device & Tech Mfg,
www.customphenoliclabels.com/locations/san-jose-ca/phenolic-labels/,Asset & Serial Tags San Jose,,Electronics Assembly,https://docs.google.com/document/d/1sxj42lZ0e6Fx0DNDsmyg1BtDYjL79rLkHIwI68g8cfQ/edit?usp=sharing
,,,,
,,,,
www.customphenoliclabels.com/locations/chicago-il/phenolic-labels/,Safety & Warning Labels Chicago,,Factory Floor Safety,https://docs.google.com/document/d/15lNpsGBmuxc9EXos-kPC_zw119V1OV9SEixANo093Uo/edit?usp=sharing
www.customphenoliclabels.com/locations/chicago-il/phenolic-tags/,Industrial Valve Tags Chicago,,HVAC & Mechanical Systems,
www.customphenoliclabels.com/locations/chicago-il/phenolic-nameplates/,Machine Data Plates Chicago,,OEM Equipment Mfg,
www.customphenoliclabels.com/locations/chicago-il/phenolic-panels/,Phenolic Control Panels Chicago,,Industrial Controls,
,,,,
,,,,
www.customphenoliclabels.com/locations/atlanta-ga/phenolic-labels/,Rack & Bin Labels Atlanta,,Warehousing & Distribution,https://docs.google.com/document/d/1CaqiuaSdxPAEvy9W-x2fKwwrur89szqOONOVBo1npcg/edit?usp=sharing
www.customphenoliclabels.com/locations/atlanta-ga/phenolic-tags/,Asset Tags Atlanta,,Corporate Facilities,https://docs.google.com/document/d/1JiLQH9VszJpAyeN2HIqIACWRFbKm8fLLQ9j-8dpOITc/edit?usp=sharing
www.customphenoliclabels.com/locations/atlanta-ga/phenolic-nameplates/,Commercial Equipment Plates Atlanta,,Facility Management,https://docs.google.com/document/d/1zLGJ5WPV8zGO7o5hynvNqN55K30p0itWr0WYDz5L3X4/edit?usp=sharing
,,,,
,,,,
www.customphenoliclabels.com/locations/las-vegas-nv/phenolic-nameplates/,Commercial Equipment Plates Las Vegas,,Facility Management,https://docs.google.com/document/d/1O7cBpg-E37Fn4Qu4Lx9zBj0q66NOZcxTh_uilRptE88/edit?usp=sharing
,,,,
,,,,
,,,,
,,,,
,,,,
,,,,
,,,,
,,,,
,,,,
,,,,
,,,,
,,,,
,,,,
,,,,
,,,,
,,,,
,,,,
,,,,
,,,,
,,,,
,,,,
,,,,
,,,,
,,,,
,,,,
,,,,
,,,,
,,,,
,,,,
,,,,
,,,,
,,,,
,,,,
,,,,
,,,,
,,,,
,,,,
,,,,
,,,,
,,,,
,,,,
,,,,
,,,,
,,,,
,,,,
,,,,
,,,,
,,,,
,,,,
,,,,
,,,,
,,,,
,,,,
,,,,
,,,,
,,,,
,,,,
,,,,
,,,,
,,,,
,,,,
,,,,
,,,,
,,,,
,,,,
,,,,
,,,,
,,,,
,,,,
,,,,
,,,,
,,,,
,,,,
,,,,
,,,,
https://customphenoliclabels.com/locations/houston-tx/,Phenolic Labels Houston,,,
https://customphenoliclabels.com/locations/chicago-il/,Phenolic Labels Chicago,,,
https://customphenoliclabels.com/locations/dallas-fort-worth-tx/,Phenolic Labels Dallas Fort Worth,,,
https://customphenoliclabels.com/locations/phoenix-az/,Phenolic Labels Phoenix,,,
https://customphenoliclabels.com/locations/atlanta-ga/,Phenolic Labels Atlanta,,,
https://customphenoliclabels.com/locations/new-york-ny/,Phenolic Labels New York,,,
https://customphenoliclabels.com/locations/los-angeles-ca/,Phenolic Labels Los Angeles,,,
https://customphenoliclabels.com/locations/austin-tx/,Phenolic Labels Austin,,,
https://customphenoliclabels.com/locations/philadelphia-pa/,Phenolic Labels Philadelphia,,,
https://customphenoliclabels.com/locations/ashburn-va/,Phenolic Labels Ashburn,,,
,,,,
https://customphenoliclabels.com/locations/houston-tx/phenolic-labels/,Custom Phenolic Labels Houston,,,
https://customphenoliclabels.com/locations/houston-tx/phenolic-tags/,Phenolic Tags Houston,,,
https://customphenoliclabels.com/locations/houston-tx/phenolic-nameplates/,Phenolic Nameplates Houston,,,
https://customphenoliclabels.com/locations/houston-tx/phenolic-panels/,Phenolic Panels Houston,,,
https://customphenoliclabels.com/locations/houston-tx/lamacoid-tags/,Lamacoid Tags Houston,,,
https://customphenoliclabels.com/locations/chicago-il/phenolic-labels/,Custom Phenolic Labels Chicago,,,
https://customphenoliclabels.com/locations/chicago-il/phenolic-tags/,Phenolic Tags Chicago,,,
https://customphenoliclabels.com/locations/chicago-il/phenolic-nameplates/,Phenolic Nameplates Chicago,,,
https://customphenoliclabels.com/locations/chicago-il/phenolic-panels/,Phenolic Panels Chicago,,,
https://customphenoliclabels.com/locations/phoenix-az/phenolic-labels/,Custom Phenolic Labels Phoenix,,,
https://customphenoliclabels.com/locations/phoenix-az/solar-pv-labels/,Solar PV Labels Phoenix,,,
https://customphenoliclabels.com/locations/phoenix-az/lamacoid-tags/,Lamacoid Tags Phoenix,,,
https://customphenoliclabels.com/locations/atlanta-ga/phenolic-labels/,Custom Phenolic Labels Atlanta,,,
https://customphenoliclabels.com/locations/atlanta-ga/phenolic-tags/,Phenolic Tags Atlanta,,,
https://customphenoliclabels.com/locations/atlanta-ga/phenolic-nameplates/,Phenolic Nameplates Atlanta,,,
https://customphenoliclabels.com/locations/atlanta-ga/phenolic-panels/,Phenolic Panels Atlanta,,,